,portfolio_value
2021-01-01,9990013.67098324
2021-01-04,10090496.551444933
2021-01-05,10156239.62038605
2021-01-06,10255376.584437296
2021-01-07,10470346.87346451
2021-01-08,10364700.930866167
2021-01-11,10128986.563771173
2021-01-12,10071338.146809503
2021-01-13,9940065.808977053
2021-01-14,10118902.37102215
2021-01-15,10112038.85912697
2021-01-18,9955914.846003458
2021-01-19,10095960.2967128
2021-01-20,10229060.692132875
2021-01-21,10120843.825140879
2021-01-22,9884248.148322985
2021-01-25,9900883.534231111
2021-01-27,9798105.77891247
2021-01-28,9780310.378839418
2021-01-29,9810642.283803865
2021-02-01,10175707.054941103
2021-02-02,10463453.743432924
2021-02-03,10702197.300010607
2021-02-04,10871835.137151644
2021-02-05,10899588.777654573
2021-02-08,11109147.4341449
2021-02-09,11371469.250070497
2021-02-10,11554495.435377046
2021-02-11,11763694.00685303
2021-02-12,11609654.065322801
2021-02-15,11434195.207845613
2021-02-16,11540707.84356682
2021-02-17,11736920.76125519
2021-02-18,12056450.856153414
2021-02-19,11981958.205045626
2021-02-22,11912377.092670366
2021-02-23,12337528.26090233
2021-02-24,12456166.655588076
2021-02-25,12587360.625947878
2021-02-26,12697703.755128786
2021-03-01,12903813.271831438
2021-03-02,13093790.815530702
2021-03-03,13397327.985704347
2021-03-04,13689845.821130678
2021-03-05,13424265.028207704
2021-03-08,13531054.982973024
2021-03-09,13597854.756242678
2021-03-10,14019073.915449068
2021-03-12,14231103.059335634
2021-03-15,14626477.333719179
2021-03-16,14535119.276025698
2021-03-17,13976745.889181063
2021-03-18,13796737.617307588
2021-03-19,13912927.109655306
2021-03-22,14210117.688703462
2021-03-23,14400673.715524599
2021-03-24,14061724.460714266
2021-03-25,13749396.676011965
2021-03-26,13816311.958227083
2021-03-30,14082022.619069979
2021-03-31,14208840.764566347
2021-04-01,14295168.198684823
2021-04-05,14380033.658741128
2021-04-06,14647519.142601144
2021-04-07,14966960.7528993
2021-04-08,15189194.10566343
2021-04-09,15195581.971374642
2021-04-12,14477814.646400582
2021-04-13,14585372.406887185
2021-04-15,14451707.751373421
2021-04-16,14639569.765073907
2021-04-19,14324751.590667855
2021-04-20,14382985.243890893
2021-04-22,14594487.83032621
2021-04-23,14909778.10295881
2021-04-26,14875216.717567574
2021-04-27,15081897.020469796
2021-04-28,15314636.194717538
2021-04-29,15314751.70117582
2021-04-30,15220913.590313088
2021-05-03,15641284.673542153
2021-05-04,15694998.481762063
2021-05-05,15978315.198970925
2021-05-06,16119194.541103493
2021-05-07,16298365.410713326
2021-05-10,16479667.297355782
2021-05-11,16587544.8953668
2021-05-12,16330513.285850655
2021-05-14,15986811.440574776
2021-05-17,16307463.595363747
2021-05-18,16559172.42351545
2021-05-19,16808239.118984353
2021-05-20,17059764.726062905
2021-05-21,17646338.070289742
2021-05-24,18268146.15430845
2021-05-25,18552559.030864846
2021-05-26,18413090.609874856
2021-05-27,18348815.585285317
2021-05-28,18418414.796657693
2021-05-31,18462708.034942757
2021-06-01,18312145.066574227
2021-06-02,18703503.38281263
2021-06-03,19044852.5136186
2021-06-04,19314715.84653486
2021-06-07,19837417.399994027
2021-06-08,20295863.46415342
2021-06-09,19831946.67580427
2021-06-10,20052191.72119535
2021-06-11,20301314.712848794
2021-06-14,21086563.513256203
2021-06-15,20874313.270729195
2021-06-16,20539466.669979226
2021-06-17,20265596.92838682
2021-06-18,19911014.62142576
2021-06-21,20176723.766925942
2021-06-22,20389453.54473127
2021-06-23,20182684.70342649
2021-06-24,20123063.107444894
2021-06-25,20080074.80403913
2021-06-28,20343557.855503213
2021-06-29,20670550.239593636
2021-06-30,20531839.58226789
2021-07-01,20070484.024362117
2021-07-02,19971170.80442956
2021-07-05,20001765.531442195
2021-07-06,20201623.91425088
2021-07-07,20199313.19899133
2021-07-08,20236899.060712367
2021-07-09,20200057.145860225
2021-07-12,19997821.800828487
2021-07-13,19924336.159917384
2021-07-14,19701033.135617763
2021-07-15,19941250.919320613
2021-07-16,19887473.56683114
2021-07-19,19612579.42794946
2021-07-20,19470554.82736352
2021-07-22,19854887.548577815
2021-07-23,19832847.961576015
2021-07-26,19729574.396894008
2021-07-27,19649803.750535518
2021-07-28,19724290.6766105
2021-07-29,19366826.64152673
2021-07-30,19381964.400044948
2021-08-02,19414319.645829707
2021-08-03,19538036.57334283
2021-08-04,19505196.305612117
2021-08-05,19686720.992970973
2021-08-06,19723353.21296838
2021-08-09,19573868.149552852
2021-08-10,19180443.010034114
2021-08-11,19034682.808118373
2021-08-12,19280048.423360378
2021-08-13,19225469.33702615
2021-08-16,19153554.311131984
2021-08-17,19252772.716035396
2021-08-18,19289591.070657283
2021-08-20,18985304.757371455
2021-08-23,18633448.387038738
2021-08-24,19014248.16097024
2021-08-25,19527684.991902858
2021-08-26,19871493.844861537
2021-08-27,19896387.308888942
2021-08-30,20133940.179376155
2021-08-31,20427873.96057275
2021-09-01,20445470.7942138
2021-09-02,20889411.43990472
2021-09-03,20807486.728864223
2021-09-06,20680157.08575204
2021-09-07,20608393.378118068
2021-09-08,20835254.531468898
2021-09-09,21057323.757215053
2021-09-13,20960636.20962289
2021-09-14,21122373.23753503
2021-09-15,21291015.124665767
2021-09-16,21401247.2702308
2021-09-17,21331762.55865243
2021-09-20,20968318.751939327
2021-09-21,21036853.322434932
2021-09-22,21358848.04637292
2021-09-23,21827885.237622768
2021-09-24,21834995.62570718
2021-09-27,21716954.557599574
2021-09-28,21742665.924520046
2021-09-29,22124543.354417354
2021-09-30,22660577.93586877
2021-10-01,22899540.539058983
2021-10-04,23377081.297695458
2021-10-05,23405318.33799392
2021-10-06,22969019.922382653
2021-10-07,23283852.49750167
2021-10-08,23673598.384136498
2021-10-11,24535015.86433822
2021-10-12,24319933.31441146
2021-10-13,24826912.951496422
2021-10-14,24828397.094234765
2021-10-18,25071354.92857009
2021-10-19,24771908.05159408
2021-10-20,24530347.11659652
2021-10-21,25043675.22725326
2021-10-22,24796830.946201622
2021-10-25,24846290.421207726
2021-10-26,25438481.020160973
2021-10-27,26051856.255771935
2021-10-28,24538418.0155223
2021-10-29,24494169.18554336
2021-11-01,24596571.007755578
2021-11-02,24708917.836056054
2021-11-03,25078427.826496422
2021-11-04,25347313.81393081
2021-11-08,25720902.182346642
2021-11-09,25885031.80663711
2021-11-10,25847424.075214684
2021-11-11,25947686.989795983
2021-11-12,26245039.61520034
2021-11-15,26001581.582493126
2021-11-16,25826552.28685409
2021-11-17,25688406.40251571
2021-11-18,25538056.605411828
2021-11-22,25191721.384647667
2021-11-23,25641786.374378502
2021-11-24,25771153.167660058
2021-11-25,26558240.832248986
2021-11-26,25617431.493892968
2021-11-29,24931519.405987084
2021-11-30,24830687.774524987
2021-12-01,25326948.28731948
2021-12-02,26562389.075290978
2021-12-03,26077658.29828292
2021-12-06,25361879.656605065
2021-12-07,25826636.270008385
2021-12-08,26510010.616428673
2021-12-09,26633795.82199508
2021-12-10,27013107.589931786
2021-12-13,27251547.662922204
2021-12-14,28143687.150211632
2021-12-15,28026107.143482506
2021-12-16,27655628.739231408
2021-12-17,26824640.54991561
2021-12-20,25868501.693043053
2021-12-21,26175787.84365493
2021-12-22,27110273.618458092
2021-12-23,27190453.008259118
2021-12-24,27153986.87642318
2021-12-27,28150726.428028405
2021-12-28,28260341.13663131
2021-12-29,28532898.066517174
2021-12-30,28357533.32590133
2021-12-31,28557300.392994225
2022-01-03,28472718.42598685
2022-01-04,28825952.660895906
2022-01-05,28827177.355620943
2022-01-06,29003391.631927095
2022-01-07,29567793.61383017
2022-01-10,29966492.328895174
2022-01-11,30159523.036658846
2022-01-12,30048498.27352103
2022-01-13,30326439.850967012
2022-01-14,30300592.405418
2022-01-17,30503019.288924776
2022-01-18,30205288.338058077
2022-01-19,30215593.880134188
2022-01-20,30213960.601943575
2022-01-21,29882249.926917635
2022-01-24,28861544.60388907
2022-01-25,29352692.491843782
2022-01-27,29241930.735099398
2022-01-28,29051023.670989595
2022-01-31,29075806.162528597
2022-02-01,29237883.36723288
2022-02-02,29453148.862304293
2022-02-03,29340850.121711336
2022-02-04,29427796.246360384
2022-02-07,29236285.190162264
2022-02-08,28834617.15441092
2022-02-09,28793056.674033724
2022-02-10,29392789.0431362
2022-02-11,29187073.11472281
2022-02-14,27799991.61499747
2022-02-15,28398315.471999727
2022-02-16,28294731.169074617
2022-02-17,28741058.64383658
2022-02-18,28442914.580611788
2022-02-21,27636716.528125368
2022-02-22,27688673.257602297
2022-02-23,28383258.05694159
2022-02-24,26873047.011695467
2022-02-25,27804516.756545626
2022-02-28,28264603.400912844
2022-03-02,28673478.708591066
2022-03-03,29348499.206740938
2022-03-04,29016847.810119234
2022-03-07,27851447.367805086
2022-03-08,27640201.71276053
2022-03-09,28197784.26831778
2022-03-10,29038207.321357332
2022-03-11,29046140.425185762
2022-03-14,28903168.90581473
2022-03-15,28356197.060828768
2022-03-16,28980565.49035605
2022-03-17,29533428.856971346
2022-03-21,29649171.192138277
2022-03-22,30051306.012969576
2022-03-23,30202710.08953818
2022-03-24,30743669.970016085
2022-03-25,31062649.41628226
2022-03-28,31276891.19233664
2022-03-29,31513741.822562777
2022-03-30,31738136.663428865
2022-03-31,31814548.614776216
2022-04-01,32449048.517089024
2022-04-04,33294156.252425328
2022-04-05,34246160.986708775
2022-04-06,34511763.98150553
2022-04-07,34118232.25491251
2022-04-08,34903899.11147989
2022-04-11,35755046.98182596
2022-04-12,34507562.09347452
2022-04-13,34296264.23037638
2022-04-18,34759681.89137186
2022-04-19,34056973.946379796
2022-04-20,34270544.74972452
2022-04-21,34952047.139418736
2022-04-22,34672368.9616691
2022-04-25,33849413.671309605
2022-04-26,35149225.45628275
2022-04-27,35383178.945876256
2022-04-28,35403754.69189371
2022-04-29,34927502.79496683
2022-05-02,34179579.67098917
2022-05-04,33288362.830458775
2022-05-05,33072572.473464146
2022-05-06,32310360.414275303
2022-05-09,31165345.098845616
2022-05-10,30249763.84677042
2022-05-11,29332279.407729283
2022-05-12,28375776.294837132
2022-05-13,28597903.7080604
2022-05-16,28970779.923567906
2022-05-17,30192400.024275914
2022-05-18,30813465.636183873
2022-05-19,29825620.089186803
2022-05-20,30476001.399855748
2022-05-23,30771754.3681785
2022-05-24,30249136.732421055
2022-05-25,28635271.919524327
2022-05-26,29210457.53564371
2022-05-27,29792188.53362955
2022-05-30,31257893.924315587
2022-05-31,31441669.56147684
2022-06-01,31212673.215453282
2022-06-02,31461280.8742515
2022-06-03,31113839.884368077
2022-06-06,31461870.17828287
2022-06-07,31632143.19241251
2022-06-08,31232314.621169224
2022-06-09,31351772.894194737
2022-06-10,30692997.809310094
2022-06-13,29593779.66458048
2022-06-14,29456058.811522618
2022-06-15,29461757.941741124
2022-06-16,28919688.81908774
2022-06-17,28030826.1330831
2022-06-20,27443234.787395235
2022-06-21,28923027.033244845
2022-06-22,28607834.30308127
2022-06-23,28761308.980693575
2022-06-24,29380856.387035128
2022-06-27,29792744.258647677
2022-06-28,30138240.121944185
2022-06-29,30444460.302654024
2022-06-30,30642287.83901572
2022-07-01,30407337.522670068
2022-07-04,30423711.02064828
2022-07-05,30819822.52237252
2022-07-06,31074979.956790246
2022-07-07,31736924.596041955
2022-07-08,31788543.601992883
2022-07-11,32473569.295222558
2022-07-12,32548098.114451684
2022-07-13,32271394.479319848
2022-07-14,32156892.067691125
2022-07-15,32506855.253268518
2022-07-18,33093592.211344995
2022-07-19,33210021.20109109
2022-07-20,33706477.83688668
2022-07-21,34713400.89310769
2022-07-22,35263896.52450875
2022-07-25,34555382.59345559
2022-07-26,34064501.069079675
2022-07-27,34241390.692179956
2022-07-28,34844288.92489175
2022-07-29,35060662.8112214
2022-08-01,35291686.34714822
2022-08-02,35588346.422770776
2022-08-03,35903951.82296304
2022-08-04,35692539.95285348
2022-08-05,36142021.96684579
2022-08-08,36259023.34734658
2022-08-10,36480072.47664193
2022-08-11,36785331.59508065
2022-08-12,37131011.56306008
2022-08-16,37855545.02993325
2022-08-17,38420769.31334237
2022-08-18,38674551.28246621
2022-08-19,38127109.2513688
2022-08-22,37682352.49404458
2022-08-23,37516649.614184655
2022-08-24,37380085.6580079
2022-08-25,37508706.49563149
2022-08-26,37318409.386699
2022-08-29,37116307.67927102
2022-08-30,38809092.780635156
2022-09-01,38923515.32566384
2022-09-02,38329740.33425454
2022-09-05,38466108.30288247
2022-09-06,38668949.79280404
2022-09-07,39100770.10219888
2022-09-08,39577731.66816262
2022-09-09,39627518.82799081
2022-09-12,39902644.362681665
2022-09-13,40719478.414721765
2022-09-14,41192927.066417016
2022-09-15,41143064.503688134
2022-09-16,40464160.6929963
2022-09-19,40757724.97375039
2022-09-20,41687913.26378182
2022-09-21,41861355.60042886
2022-09-22,42196955.17058877
2022-09-23,41323857.54832009
2022-09-26,39496207.327403344
2022-09-27,39763463.303439416
2022-09-28,38887902.55468301
2022-09-29,39297486.67106179
2022-09-30,39886695.787837304
2022-10-03,39030149.489199
2022-10-04,39962205.785738304
2022-10-06,40895531.83339913
2022-10-07,40924298.30985482
2022-10-10,40893145.62063821
2022-10-11,40802093.246279076
2022-10-12,40738717.57842477
2022-10-13,40449117.63316567
2022-10-14,39861069.89235146
2022-10-17,40530760.044031456
2022-10-18,41276681.4357322
2022-10-19,41089532.6173652
2022-10-20,41672712.60243447
2022-10-21,41650376.00051339
2022-10-24,41701876.82094033
2022-10-25,41449626.09459908
2022-10-27,41715417.25909646
2022-10-28,41493271.45007546
2022-10-31,42137826.94218667
2022-11-01,42385678.51144631
2022-11-02,42382876.50808175
2022-11-03,41919535.98903115
2022-11-04,42689389.735582665
2022-11-07,42998475.32221444
2022-11-09,43259183.62848885
2022-11-10,43106436.66208108
2022-11-11,43487227.45585854
2022-11-14,43555058.03241189
2022-11-15,43751525.2092994
2022-11-16,43215113.360689476
2022-11-17,42420539.758768395
2022-11-18,42254568.10676034
2022-11-21,42116810.997797325
2022-11-22,41936506.89364083
2022-11-23,42076787.89847787
2022-11-24,41947634.20504983
2022-11-25,42011492.10248025
2022-11-28,41909398.8410743
2022-11-29,41795370.95014413
2022-11-30,42745560.02890237
2022-12-01,42581728.9873832
2022-12-02,42421394.00568612
2022-12-05,42814783.66017373
2022-12-06,42763655.243509606
2022-12-07,42809486.98209603
2022-12-08,42778149.13707955
2022-12-09,42339942.18371804
2022-12-12,42625549.67360909
2022-12-13,43033215.75566323
2022-12-14,43710683.634695366
2022-12-15,43026000.39776452
2022-12-16,42825602.66696389
2022-12-19,42791427.192808464
2022-12-20,42888306.49122842
2022-12-21,41381053.67286141
2022-12-22,40191856.26553185
2022-12-23,37724649.96877892
2022-12-26,39380277.80491479
2022-12-27,40451812.440893486
2022-12-28,41541466.35237725
2022-12-29,41882971.58503182
2022-12-30,41651692.87782128
2023-01-02,41673484.63281424
2023-01-03,42118681.45090659
2023-01-04,41226973.28439887
2023-01-05,41661469.40545447
2023-01-06,41246998.26323493
2023-01-09,41784376.89763434
2023-01-10,41485125.73038657
2023-01-11,41392809.23504813
2023-01-12,41624054.0647219
2023-01-13,42345953.13562186
2023-01-16,41985061.30263694
2023-01-17,42083776.19955237
2023-01-18,42741421.93719657
2023-01-19,42523253.722268894
2023-01-20,42777178.92127402
2023-01-23,42469346.62809546
2023-01-24,42213445.85695441
2023-01-25,40949401.00180991
2023-01-27,38252232.807443455
2023-01-30,36975570.34343909
2023-01-31,37482295.28650473
2023-02-01,36434154.73587988
2023-02-02,36520639.51841849
2023-02-03,36067026.51110953
2023-02-06,35813954.31846732
2023-02-07,36116020.78733939
2023-02-08,35977999.769257724
2023-02-09,35717173.77105826
2023-02-10,35568039.67546195
2023-02-13,34805265.93997306
2023-02-14,34559554.4777233
2023-02-15,35237429.66687125
2023-02-16,35504997.88469046
2023-02-17,35565913.59216422
2023-02-20,35079962.64244956
2023-02-21,35045854.770997226
2023-02-22,34102099.86271781
2023-02-23,34255820.5549404
2023-02-24,34087260.327828586
2023-02-27,33584618.11151999
2023-02-28,33358457.694619358
2023-03-01,34206472.10992545
2023-03-02,34564690.40802878
2023-03-03,34738672.893609226
2023-03-06,34703115.30861014
2023-03-08,34677848.58075827
2023-03-09,34892287.91565055
2023-03-10,34771729.1443035
2023-03-13,34106425.89633292
2023-03-14,33774077.14762992
2023-03-15,33698111.82952231
2023-03-16,33432832.35727042
2023-03-17,33667364.214936435
2023-03-20,33602241.67476004
2023-03-21,33778926.27627677
2023-03-22,33871845.48021811
2023-03-23,33587586.33484763
2023-03-24,33151684.89368552
2023-03-27,32906829.278550327
2023-03-28,32670012.945374668
2023-03-29,33328339.505540073
2023-03-31,34065774.1203472
2023-04-03,34589757.758238435
2023-04-05,34836344.99470389
2023-04-06,35030272.59460318
2023-04-10,35006574.148543
2023-04-11,35433706.260008454
2023-04-12,35738164.545149446
2023-04-13,35687966.342909455
2023-04-17,35503014.77255118
2023-04-18,35435784.41493094
2023-04-19,35188565.19305289
2023-04-20,35305637.30190909
2023-04-21,35770797.838011384
2023-04-24,36664168.69956839
2023-04-25,37418052.49970877
2023-04-26,37216017.49276602
2023-04-27,37321734.19972098
2023-04-28,37861490.73992789
2023-05-02,39025452.757368684
2023-05-03,40014404.739836335
2023-05-04,39976116.05064261
2023-05-05,40395435.470808625
2023-05-08,39810235.40447867
2023-05-09,39556283.20382559
2023-05-10,39685452.18878043
2023-05-11,40115182.36323416
2023-05-12,39487627.56899893
2023-05-15,39580184.19608939
2023-05-16,40329043.07066214
2023-05-17,40862235.45434439
2023-05-18,40289231.00642264
2023-05-19,39731881.72637808
2023-05-22,39329907.83796561
2023-05-23,39415939.541884065
2023-05-24,39352206.10871756
2023-05-25,38750287.41956961
2023-05-26,39586200.32354605
2023-05-29,40270706.09855521
2023-05-30,40388560.045790315
2023-05-31,40838398.49876273
2023-06-01,41055096.77497733
2023-06-02,41314150.603117585
2023-06-05,43265183.73887503
2023-06-06,43919408.26487601
2023-06-07,44051535.63015616
2023-06-08,43800955.013640046
2023-06-09,44067503.3879534
2023-06-12,44911377.709105134
2023-06-13,44908380.46296561
2023-06-14,44925791.43089163
2023-06-15,45440059.52708304
2023-06-16,47967842.66592276
2023-06-19,48089954.74169791
2023-06-20,48638975.73582327
2023-06-21,47703480.9076525
2023-06-22,47711364.5827471
2023-06-23,46213804.82209647
2023-06-26,47267271.68759024
2023-06-27,47418464.73420584
2023-06-28,47911910.80361807
2023-06-30,47812627.5449816
2023-07-03,48379127.60647043
2023-07-04,47744498.442964874
2023-07-05,48850398.76735147
2023-07-06,48845012.30223306
2023-07-07,48534828.5443519
2023-07-10,48334776.181475006
2023-07-11,49760250.462374054
2023-07-12,50190125.77316507
2023-07-13,49710093.55916818
2023-07-14,49778686.06362375
2023-07-17,50459329.52610239
2023-07-18,50960148.36010965
2023-07-19,51028934.73500284
2023-07-20,51704430.11152109
2023-07-21,51813862.97120126
2023-07-24,51750353.69922098
2023-07-25,51240625.480127655
2023-07-26,51397710.08632883
2023-07-27,51706959.18558725
2023-07-28,51870098.04165872
2023-07-31,52869058.85762247
2023-08-01,53168963.513758026
2023-08-02,52433039.60025247
2023-08-03,52490692.97741159
2023-08-04,53091726.63203653
2023-08-07,53871574.689188324
2023-08-08,54209317.53123697
2023-08-09,54509927.59155496
2023-08-10,54169855.736666046
2023-08-11,53846790.47904428
2023-08-14,53775715.44088968
2023-08-16,54859392.95813211
2023-08-17,54951791.72226175
2023-08-18,53958268.39915689
2023-08-21,55549495.66365274
2023-08-22,55470376.60523447
2023-08-23,55954225.521700226
2023-08-24,56099457.34823068
2023-08-25,56471259.09659799
2023-08-28,56883296.589502655
2023-08-29,58296304.79246744
2023-08-30,58156345.631090485
2023-08-31,58074588.71089395
2023-09-01,59386648.506586395
2023-09-04,59271419.983263336
2023-09-05,59611047.39316019
2023-09-06,59091385.04142984
2023-09-07,60001610.32402261
2023-09-08,60860423.29886087
2023-09-11,62492188.20944437
2023-09-12,59525370.51681741
2023-09-13,59110751.02230295
2023-09-14,60180543.3011268
2023-09-15,61031391.32782968
2023-09-18,60620112.295267425
2023-09-20,60373780.08868631
2023-09-21,59306651.849703155
2023-09-22,59700167.538851105
2023-09-25,59853422.91500314
2023-09-26,59737269.33191904
2023-09-27,60074923.40366586
2023-09-28,59433633.54656442
2023-09-29,59499995.620622955
2023-10-03,59753235.07044053
2023-10-04,58917188.3913939
2023-10-05,60251789.56769395
2023-10-06,60528271.8899138
2023-10-09,58752502.60017991
2023-10-10,59688692.92581773
2023-10-11,60104169.15323472
2023-10-12,60135397.27535081
2023-10-13,60335198.083227396
2023-10-16,60678883.42659593
2023-10-17,61187709.1603148
2023-10-18,60945408.76976609
2023-10-19,61182576.093069315
2023-10-20,60514205.77506089
2023-10-23,57071706.460500956
2023-10-25,56799081.5383513
2023-10-26,56515496.533209085
2023-10-27,59018577.66698289
2023-10-30,59564245.535848856
2023-10-31,59804113.1345427
2023-11-01,59020316.893469095
2023-11-02,59135755.12152696
2023-11-03,59918677.255117655
2023-11-06,61184274.61722398
2023-11-07,62859045.32990098
2023-11-08,63734051.72734666
2023-11-09,64143677.59364915
2023-11-10,64753331.43024278
2023-11-13,64434340.729162455
2023-11-15,65070348.6388762
2023-11-16,64826985.044821024
2023-11-17,65908706.24608445
2023-11-20,66335584.00351548
2023-11-21,66446091.7933867
2023-11-22,66057798.96230149
2023-11-23,65563862.93503404
2023-11-24,65479867.63509202
2023-11-28,65876108.72910142
2023-11-29,65809417.15878892
2023-11-30,67554392.94280076
2023-12-01,67706721.81932664
2023-12-04,69357971.04735398
2023-12-05,68744977.38883042
2023-12-06,68838396.13190293
2023-12-07,69403310.33464646
2023-12-08,70057015.7399962
2023-12-11,71687864.2688353
2023-12-12,72933883.83731675
2023-12-13,74105889.65028977
2023-12-14,74269601.25482774
2023-12-15,74747860.43359971
2023-12-18,74423625.94217515
2023-12-19,74751720.18729234
2023-12-20,71751018.7057097
2023-12-21,73969008.13898301
2023-12-22,74540595.29831529
2023-12-26,75494652.56207871
2023-12-27,75387521.22722459
2023-12-28,75504841.46454453
2023-12-29,75574125.40563035
2024-01-01,76950917.34784687
2024-01-02,78718347.03076923
2024-01-03,79162603.9632262
2024-01-04,79597196.26737964
2024-01-05,80508420.49343097
2024-01-08,81764975.04055011
2024-01-09,82273984.26452625
2024-01-10,83529629.37063587
2024-01-11,84222497.97380817
2024-01-12,84381123.61550128
2024-01-15,84999998.15340412
2024-01-16,84758305.64184558
2024-01-17,85506757.09340656
2024-01-18,86814087.23329914
2024-01-19,89907375.24443805
2024-01-23,86790747.19655597
2024-01-24,88399718.78251636
2024-01-25,90113952.4941405
2024-01-29,91260944.04758441
2024-01-30,91455040.08520496
2024-01-31,94367747.14842212
2024-02-01,94725250.56944263
2024-02-02,94600358.6686629
2024-02-05,94301717.30686176
2024-02-06,95164720.70908344
2024-02-07,95746730.6899184
2024-02-08,97368409.50106037
2024-02-09,96303138.2546004
2024-02-12,91861792.35770404
2024-02-13,91414129.80290973
2024-02-14,93448531.96926868
2024-02-15,94879285.95321643
2024-02-16,95009159.90834796
2024-02-19,97705816.89220417
2024-02-20,97045238.69540393
2024-02-21,95884170.79178607
2024-02-22,95152344.19857776
2024-02-23,95574058.92833698
2024-02-26,95284171.11066425
2024-02-27,96501097.491516
2024-02-28,94322345.88890064
2024-02-29,94949297.5817641
2024-03-01,95037602.11691272
2024-03-04,93495249.5927428
2024-03-05,91651759.62959278
2024-03-06,88791344.60350025
2024-03-07,88391831.26540363
2024-03-11,85687656.53710163
2024-03-12,84208958.92861927
2024-03-13,78471276.61919391
2024-03-14,82996187.60827625
2024-03-15,84607030.51918781
2024-03-18,84349877.13629138
2024-03-19,82993714.19710529
2024-03-20,81993096.82080066
2024-03-21,84712710.97796619
2024-03-22,85513728.78365314
2024-03-26,85756177.07607257
2024-03-27,86702788.61466205
2024-03-28,87249117.75392902
2024-04-01,89569225.07848342
2024-04-02,90630114.91880782
2024-04-03,92984023.25270064
2024-04-04,93916118.51508696
2024-04-05,93114292.8320082
2024-04-08,91965303.99546798
2024-04-09,91346934.9433058
2024-04-10,91340316.89316542
2024-04-12,91488473.0000685
2024-04-15,90495860.87045272
2024-04-16,92549873.44676192
2024-04-18,93059769.22002394
2024-04-19,91934191.01164992
2024-04-22,94483899.46349318
2024-04-23,97995900.48839553
2024-04-24,98373404.13563903
2024-04-25,99533281.52097304
2024-04-26,99587584.7993849
2024-04-29,99345292.76201613
2024-04-30,100240537.64907058
2024-05-02,102044826.19190581
2024-05-03,101579637.28133376
2024-05-06,99456462.3345526
2024-05-07,96882035.95472701
2024-05-08,97256485.58079131
2024-05-09,93931051.1866072
2024-05-10,94238450.3188246
2024-05-13,91400023.42637618
2024-05-14,94302686.50147612
2024-05-15,97083134.46281035
2024-05-16,98281831.9494818
2024-05-17,99895010.49843581
2024-05-21,103395186.49797423
2024-05-22,105972079.90180953
2024-05-23,106349813.08882506
2024-05-24,106240530.70106108
2024-05-27,107027250.83860381
2024-05-28,105071730.69941314
2024-05-29,104425660.28676589
2024-05-30,104150632.24384291
2024-05-31,106518300.36548598
2024-06-03,109603564.81748946
2024-06-04,102011254.74055465
2024-06-05,102977453.36527617
2024-06-06,105165859.77946837
2024-06-07,105778051.44062026
2024-06-10,106068879.36453994
2024-06-11,108490130.61384185
2024-06-12,110268588.60859664
2024-06-13,111795674.03161223
2024-06-14,112128482.72169097
2024-06-18,112784368.46836074
2024-06-19,111553305.30149062
2024-06-20,112143405.1824797
2024-06-21,113813948.05055602
2024-06-24,114648693.15897734
2024-06-25,115708589.17623122
2024-06-26,114229922.1674002
2024-06-27,114663646.95970137
2024-06-28,114333549.93667586
2024-07-01,116911697.66779946
2024-07-02,117128437.80455635
2024-07-03,119028192.8494172
2024-07-04,121003255.32750557
2024-07-05,125704866.30935143
2024-07-08,128802798.45363091
2024-07-09,127267305.54339837
2024-07-10,127951454.2222657
2024-07-11,130730093.34032296
2024-07-12,129724714.06852196
2024-07-15,131380029.78436516
2024-07-16,131325934.46933983
2024-07-18,127816245.85629891
2024-07-19,125739862.93490075
2024-07-22,127133312.12369393
2024-07-23,125745481.46048592
2024-07-24,130073101.90294503
2024-07-25,129626292.55858468
2024-07-26,129641178.66293953
2024-07-29,133619576.08517312
2024-07-30,137638579.1475129
2024-07-31,137091087.99389505
2024-08-01,136922422.10122538
2024-08-02,137965298.3050828
2024-08-05,130806869.03347634
2024-08-06,128386668.64314125
2024-08-07,133671481.60025643
2024-08-08,133769257.77033089
2024-08-09,136358522.09091043
2024-08-12,138191050.740973
2024-08-13,137796040.57247782
2024-08-14,135938363.45399332
2024-08-16,139233404.4491334
2024-08-19,140871931.02851725
2024-08-20,139938718.4805131
2024-08-21,139181006.21890116
2024-08-22,138013766.62652445
2024-08-23,140398077.86894846
2024-08-26,139042082.75001383
2024-08-27,138380886.570395
2024-08-28,138810267.9442277
2024-08-29,136898163.0013032
2024-08-30,137824689.7721467
2024-09-02,136306704.66475534
2024-09-03,135829652.21904612
2024-09-04,134906279.13921213
2024-09-05,135901662.42653513
2024-09-06,132592037.69798897
2024-09-09,131867096.65318917
2024-09-10,134624372.76160288
2024-09-11,135464084.7222047
2024-09-12,135247541.59732676
2024-09-13,137035722.09161997
2024-09-16,140036835.17001963
2024-09-17,137300739.19167185
2024-09-18,139282425.30132914
2024-09-19,135761366.68852854
2024-09-20,141165256.31870127
2024-09-23,139465030.3708253
2024-09-24,139757133.18850565
2024-09-25,138796319.70808268
2024-09-26,137326745.7903962
2024-09-27,139011180.29283762
2024-09-30,138346807.82562876
2024-10-01,139945246.52167553
2024-10-03,136774735.88853115
2024-10-04,136499398.6799397
2024-10-07,131169481.42073101
2024-10-08,137056063.68331188
2024-10-09,138633493.0656399
2024-10-10,138248411.9371342
2024-10-11,139460497.5103764
2024-10-14,141348157.13550228
2024-10-15,143112534.1479687
2024-10-16,144013174.3561291
2024-10-17,140558677.0102467
2024-10-18,139121871.8511204
2024-10-21,136773702.56795162
2024-10-22,131632254.50790447
2024-10-23,133294191.89154094
2024-10-24,134098366.01552624
2024-10-25,129114187.9103207
2024-10-28,132404988.62677807
2024-10-29,132792035.41192669
2024-10-30,136640107.2849316
2024-10-31,139697029.3400845
2024-11-01,141743697.03826565
2024-11-04,140408076.15631527
2024-11-05,140437684.48698086
2024-11-06,144114599.8046574
2024-11-07,143379107.9210438
2024-11-08,138202277.67138332
2024-11-11,138180074.9889111
2024-11-12,137614650.34676784
2024-11-13,132237333.55504863
2024-11-14,131439844.16668575
2024-11-18,132877613.30002467
2024-11-19,135758017.2526347
2024-11-21,134115738.06924312
2024-11-22,134961782.12081784
2024-11-25,139544268.70927304
2024-11-26,138274725.53628033
2024-11-27,139403483.94169492
2024-11-28,140376653.3308398
2024-11-29,141472128.4905421
2024-12-02,142500024.0261752
2024-12-03,143564578.6072833
2024-12-04,145196982.89025754
2024-12-05,147693167.82776517
2024-12-06,148679160.21501034
2024-12-09,149642335.3219592
2024-12-10,148609619.8647372
2024-12-11,150050877.20996732
2024-12-12,148856555.23386258
2024-12-13,148734339.31221646
2024-12-16,153254167.2276408
2024-12-17,152748821.0344798
2024-12-18,150208204.14277142
2024-12-19,152332123.10047024
2024-12-20,149820397.50262326
2024-12-23,148635005.19375104
2024-12-24,149179294.59737653
2024-12-26,148096551.2811076
2024-12-27,147905898.01251858
2024-12-30,146812667.71161145
2024-12-31,147407746.33516186
2025-01-01,148600929.20511866
2025-01-02,148818735.88430262
2025-01-03,148935961.30517054
2025-01-06,142528282.87354517
2025-01-07,143959329.5759225
2025-01-08,142287866.06719446
2025-01-09,140266129.68541956
2025-01-10,134912569.11144495
2025-01-13,127465188.18960048
2025-01-14,132080371.92013027
2025-01-15,130986670.75754787
2025-01-16,135781767.71036768
2025-01-17,136879754.0239663
2025-01-20,136657396.09769678
2025-01-21,133073357.77866603
2025-01-22,127321616.4133572
2025-01-23,129520216.93377346
2025-01-24,126309276.02999538
2025-01-27,121755527.37424892
2025-01-28,120751195.77581447
2025-01-29,127304155.36416286
2025-01-30,128477617.422131
2025-01-31,135363543.1177792
2025-02-01,133859162.43833584
2025-02-03,128631354.91788906
2025-02-04,130099742.10566372
2025-02-05,132130485.2682156
2025-02-06,131875480.47452968
2025-02-07,129416752.919949
2025-02-10,127082081.50429958
2025-02-11,123191035.66419643
2025-02-12,124454590.50616115
2025-02-13,123793245.5380978
2025-02-14,119037106.67876858
2025-02-17,117789530.06490749
2025-02-18,115167771.6676457
2025-02-19,119070798.80865216
2025-02-20,120197635.49999738
2025-02-21,118935217.56004071
2025-02-24,116972734.14785504
2025-02-25,116613047.32528424
2025-02-27,113417283.47346234
2025-02-28,111203511.35661054
2025-03-03,109855812.70560956
2025-03-04,110965962.46587873
2025-03-05,113509418.00651288
2025-03-06,114352539.28739667
2025-03-07,117316591.39060712
2025-03-10,115399046.60557294
2025-03-11,114752031.69678998
2025-03-12,115320806.70989728
2025-03-13,114687262.40717816
2025-03-17,114431960.96612287
2025-03-18,114431960.96612287
2025-03-19,120552730.64770246
2025-03-20,121695012.37214398
2025-03-21,122372332.43620038
2025-03-24,123093842.4775517
2025-03-25,121407136.15051007
2025-03-26,119684590.38769269
2025-03-27,118691275.16856122
2025-03-28,119127452.38073468
2025-04-01,118214453.81823313
2025-04-02,119757643.40331614
2025-04-03,119520645.81566966
2025-04-04,113636254.70287669
2025-04-07,105967609.22118723
2025-04-08,108779023.61303294
2025-04-09,107068486.05822337
2025-04-11,113007320.96361887
2025-04-15,117890297.64477122
2025-04-16,118892864.2299763
2025-04-17,118887950.54662669
2025-04-21,120977377.60448802
2025-04-22,122317835.58947337
2025-04-23,123189934.02843821
2025-04-24,123354472.14452708
2025-04-25,118877995.53857005
2025-04-28,121772583.01537669
2025-04-29,123612306.43749583
2025-04-30,120442623.60192454
2025-05-02,119021650.81164134
2025-05-05,120902180.55504954
2025-05-06,117063106.02868235
2025-05-07,119155880.15929759
2025-05-08,117842747.14062083
2025-05-09,117860051.45946848
2025-05-12,123139856.83666575
2025-05-13,125379923.074947
2025-05-14,128086398.73595774
2025-05-15,130628470.49877512
2025-05-16,134291507.49291575
2025-05-19,133808069.74291575
2025-05-20,130908049.35192454
2025-05-21,131607608.11181223
2025-05-22,130554483.63354075
2025-05-23,132623408.81542552
2025-05-26,133459631.35790598
2025-05-27,134977735.1127888
2025-05-28,136085357.3331257
2025-05-29,137771433.38232005
2025-05-30,140130603.75817454
2025-06-02,140366495.3212849
2025-06-03,143058460.81628
2025-06-04,144470295.74071848
2025-06-05,150698624.59667552
2025-06-06,149389715.82567942
2025-06-09,149068580.37768137
2025-06-10,148849697.94066966
2025-06-11,150947418.64379466
2025-06-12,147242927.57714427
2025-06-13,147708462.76525462
2025-06-16,148071172.63647044
2025-06-17,147022280.2735554
2025-06-18,146865188.52587473
2025-06-19,144271459.2122761
2025-06-20,146316587.9634968
2025-06-23,147371187.94445384
2025-06-24,148920343.24206126
2025-06-25,147902923.20226634
2025-06-26,146627756.1666218
2025-06-27,146452062.57799876
2025-06-30,147371000.61413157
2025-07-01,145506710.0136027
2025-07-02,146091380.85338542
2025-07-03,147165331.7325358
2025-07-04,144634431.5518107
2025-07-07,142292990.27587077
2025-07-08,139482112.3219523
2025-07-09,143005700.7219157
2025-07-10,141917614.94036052
2025-07-11,141462745.61211345
2025-07-14,143532013.22734782
2025-07-15,146405419.2845988
2025-07-16,146770210.33611247
2025-07-17,146949955.88292643
2025-07-18,145404653.10552165
2025-07-21,146682990.07604167
2025-07-22,146546505.60393474
2025-07-23,147196879.23308513
2025-07-24,145895316.46251628
2025-07-25,142523158.0925822
2025-07-28,141238030.11156413
2025-07-29,145457496.1236491
2025-07-30,146733634.59044597
2025-07-31,147515641.28386638
2025-08-01,145403139.77043864
2025-08-04,149673598.04375407
2025-08-05,152042734.58342692
2025-08-06,154719702.7175822
2025-08-07,151164715.82707927
2025-08-08,144956665.41191813
2025-08-11,143574480.53305984
2025-08-12,142641800.7770784
2025-08-13,145670880.2753694
2025-08-14,145484473.09336257
2025-08-18,145605527.60569167
2025-08-19,146299105.4666536
2025-08-20,150109348.5505159
2025-08-21,148589692.13742995
2025-08-22,147907523.2927034
2025-08-25,147448864.61887527
2025-08-26,144820936.7996614
2025-08-28,143514587.47080398
2025-08-29,144873045.29819655
2025-09-01,144842808.75229812
2025-09-02,142809610.5019319
2025-09-03,144920399.04233718
2025-09-04,143275217.2309358
2025-09-05,145819412.55356765
2025-09-08,145039681.0632112
2025-09-09,146699134.71103835
2025-09-10,146435541.75510573
2025-09-11,144523447.95786452
2025-09-12,144233068.71274734
2025-09-15,147084587.14536452
2025-09-16,149515702.73276687
2025-09-17,149447593.08432937
2025-09-18,146637764.5977571
2025-09-19,147686114.84848952
2025-09-22,146807312.47654128
2025-09-23,146479934.4123323
2025-09-24,147658254.97263503
2025-09-25,145862625.18930984
2025-09-26,142604783.95603347
2025-09-29,146454465.08860183
2025-09-30,143676930.1380403
2025-10-01,145824719.85733894
2025-10-03,147859432.3553858
2025-10-06,150160437.9479151
2025-10-07,149440735.35575202
2025-10-08,148070240.32328132
2025-10-09,149305909.14243415
2025-10-10,150189904.5017481
2025-10-13,151346944.78568366
2025-10-14,150526066.20377448
2025-10-15,151334270.12571052
2025-10-16,151489690.48899177
2025-10-17,153461180.71445563
2025-10-20,154577715.90696052
2025-10-21,155234732.1058741
2025-10-23,151842473.1648951
2025-10-24,151890821.2524195
2025-10-27,152849750.95841315
2025-10-28,153709643.68808845
2025-10-29,155519171.4345484
2025-10-30,155426427.11930183
2025-10-31,154993225.81449226
2025-11-03,158126842.1852198
2025-11-04,156680242.05545905
2025-11-06,155623305.2092066
2025-11-07,159784719.57889655
2025-11-10,159797351.96445563
2025-11-11,158874031.10776618
2025-11-12,159620793.54898933
2025-11-13,158892583.5253077
2025-11-14,159308354.87888435
2025-11-17,160622761.33164313
2025-11-18,158480692.1121607
2025-11-19,158869659.4723902
2025-11-20,158986520.3029566
2025-11-21,155373310.416482
2025-11-24,153829834.0751734
2025-11-25,154030257.69071296
2025-11-26,157040280.89231208
2025-11-27,157964363.87137702
2025-11-28,159410214.46067145
2025-12-01,160182347.557107
2025-12-02,159047218.58786872
2025-12-03,157177078.18741706
2025-12-04,156115196.5510035
2025-12-05,156460669.0324488
2025-12-08,154572076.49942878
2025-12-09,156000750.20072272
2025-12-10,153344200.05039313
2025-12-11,155752402.41971686
2025-12-12,158193140.5182276
2025-12-15,157138172.15805915
2025-12-16,155475209.02109626
2025-12-17,154843501.93631843
2025-12-18,155317761.7199488
2025-12-19,158619906.1874781
2025-12-22,162158941.47129157
2025-12-23,162946345.48410895
2025-12-24,162599089.71885017
2025-12-26,161202579.05283454
2025-12-29,160765186.9675074
2025-12-30,161176053.0024195
2025-12-31,163382943.66428474
