date,symbol,action,reason,shares,price,gross,cost
2021-01-01,PGEL.NS,BUY,REVIEW,81817,13.769438743591309,1126574.16968441,1126.5741696844102
2021-01-01,CGPOWER.NS,BUY,REVIEW,26560,44.10720443725586,1171487.3498535156,1171.4873498535158
2021-01-01,LAURUSLABS.NS,BUY,REVIEW,3932,347.1060791015625,1364821.1030273438,1364.8211030273437
2021-01-01,ADANIGREEN.NS,BUY,REVIEW,1357,1065.949951171875,1446494.0837402344,1446.4940837402344
2021-01-01,GPIL.NS,BUY,REVIEW,13210,121.28260803222656,1602143.252105713,1602.143252105713
2021-01-01,DIXON.NS,BUY,REVIEW,591,2718.455322265625,1606607.0954589844,1606.6070954589843
2021-01-01,NAVINFLUOR.NS,BUY,REVIEW,643,2594.404296875,1668201.962890625,1668.201962890625
2021-04-01,NAVINFLUOR.NS,SELL,REVIEW,643,2731.41845703125,1756302.0678710938,1756.3020678710939
2021-04-01,PGEL.NS,SELL,REVIEW,42534,39.00508117675781,1659042.1227722168,1659.0421227722168
2021-04-01,GPIL.NS,SELL,REVIEW,4041,185.1903076171875,748354.0330810547,748.3540330810547
2021-04-01,DIXON.NS,SELL,REVIEW,68,3580.24755859375,243456.833984375,243.456833984375
2021-04-01,CGPOWER.NS,BUY,REVIEW,1667,67.91422271728516,113213.00926971436,113.21300926971436
2021-04-01,ADANIGREEN.NS,BUY,REVIEW,396,1160.050048828125,459379.8193359375,459.3798193359375
2021-04-01,LAURUSLABS.NS,BUY,REVIEW,3359,359.2146301269531,1206601.9425964355,1206.6019425964355
2021-04-01,PATANJALI.NS,BUY,REVIEW,12043,217.78363037109375,2622768.260559082,2622.768260559082
2021-07-01,PATANJALI.NS,SELL,REVIEW,12043,359.7096862792969,4331983.751861572,4331.983751861572
2021-07-01,GPIL.NS,SELL,REVIEW,3540,321.4062194824219,1137778.0169677734,1137.7780169677735
2021-07-01,ATGL.NS,BUY,REVIEW,1928,967.4823608398438,1865305.9916992188,1865.3059916992188
2021-07-01,PGEL.NS,BUY,REVIEW,16704,41.48817825317383,693018.5295410156,693.0185295410156
2021-07-01,CGPOWER.NS,BUY,REVIEW,10918,78.38536834716797,855811.4516143799,855.8114516143798
2021-07-01,ADANIGREEN.NS,BUY,REVIEW,1185,1068.699951171875,1266409.4421386719,1266.409442138672
2021-07-01,LAURUSLABS.NS,SELL,REVIEW,1457,656.4673461914062,956472.9234008789,956.4729234008789
2021-07-01,DIXON.NS,BUY,REVIEW,393,4401.9072265625,1729949.5400390625,1729.9495400390626
2021-10-01,LAURUSLABS.NS,SELL,REVIEW,5834,609.8795776367188,3558037.455932617,3558.0374559326174
2021-10-01,ADANIGREEN.NS,SELL,REVIEW,2938,1151.050048828125,3381785.0434570312,3381.7850434570314
2021-10-01,DIXON.NS,SELL,REVIEW,916,4835.20361328125,4429046.509765625,4429.046509765625
2021-10-01,GPIL.NS,BUY,REVIEW,2918,313.108154296875,913649.5942382812,913.6495942382812
2021-10-01,PGEL.NS,BUY,REVIEW,14215,40.0992431640625,570010.7415771484,570.0107415771485
2021-10-01,JSWENERGY.NS,BUY,REVIEW,7708,375.45147705078125,2893979.985107422,2893.9799851074217
2021-10-01,ADANIENSOL.NS,BUY,REVIEW,1856,1577.8499755859375,2928489.5546875,2928.4895546875
2021-10-01,ATGL.NS,BUY,REVIEW,449,1421.5169677734375,638261.1185302734,638.2611185302735
2021-10-01,CGPOWER.NS,SELL,REVIEW,9896,122.7395248413086,1214630.3378295898,1214.63033782959
2021-10-01,ADANIENT.NS,BUY,REVIEW,3172,1455.4510498046875,4616690.729980469,4616.690729980469
2022-01-03,GPIL.NS,SELL,REVIEW,8547,270.3060607910156,2310305.9015808105,2310.3059015808108
2022-01-03,PGEL.NS,SELL,REVIEW,42119,78.03014373779297,3286551.624092102,3286.551624092102
2022-01-03,KPITTECH.NS,BUY,REVIEW,5457,589.700439453125,3217995.298095703,3217.995298095703
2022-01-03,CGPOWER.NS,SELL,REVIEW,7183,193.71604919433594,1391462.381362915,1391.462381362915
2022-01-03,ADANIENSOL.NS,BUY,REVIEW,800,1731.0999755859375,1384879.98046875,1384.87998046875
2022-01-03,ATGL.NS,BUY,REVIEW,316,1741.24853515625,550234.537109375,550.234537109375
2022-01-03,JSWENERGY.NS,BUY,REVIEW,6250,291.43304443359375,1821456.527709961,1821.456527709961
2022-01-03,ADANIENT.NS,SELL,REVIEW,376,1713.3253173828125,644210.3193359375,644.2103193359375
2022-04-01,ADANIENT.NS,SELL,REVIEW,2796,2039.09814453125,5701318.412109375,5701.3184121093755
2022-04-01,ANGELONE.NS,BUY,REVIEW,26398,141.29989624023438,3730034.660949707,3730.034660949707
2022-04-01,KPITTECH.NS,BUY,REVIEW,994,591.0151977539062,587469.1065673828,587.4691065673828
2022-04-01,PGEL.NS,BUY,REVIEW,26903,74.91253662109375,2015371.9727172852,2015.3719727172852
2022-04-01,ADANIENSOL.NS,SELL,REVIEW,660,2421.449951171875,1598156.9677734375,1598.1569677734376
2022-04-01,ATGL.NS,SELL,REVIEW,516,2246.20849609375,1159043.583984375,1159.0435839843751
2022-04-01,JSWENERGY.NS,BUY,REVIEW,3739,301.3748779296875,1126840.6685791016,1126.8406685791015
2022-04-01,CGPOWER.NS,BUY,REVIEW,8052,186.06028747558594,1498157.434753418,1498.157434753418
2022-06-16,JSWENERGY.NS,SELL,STOP_LOSS,17697,208.49603271484375,3689754.29095459,3689.75429095459
2022-07-01,ATGL.NS,SELL,REVIEW,2177,2385.50439453125,5193243.066894531,5193.243066894532
2022-07-01,ADANIENSOL.NS,SELL,REVIEW,1996,2400.64990234375,4791697.205078125,4791.697205078125
2022-07-01,ANGELONE.NS,BUY,REVIEW,5765,111.57113647460938,643207.601776123,643.207601776123
2022-07-01,PGEL.NS,SELL,REVIEW,11889,89.0017318725586,1058141.5902328491,1058.1415902328492
2022-07-01,ADANIPOWER.NS,BUY,REVIEW,75522,52.650001525878906,3976233.4152374268,3976.233415237427
2022-07-01,JSWENERGY.NS,BUY,REVIEW,20103,200.495849609375,4030568.0646972656,4030.5680646972655
2022-07-01,BLS.NS,BUY,REVIEW,43328,95.96027374267578,4157766.7407226562,4157.766740722656
2022-07-01,KPITTECH.NS,BUY,REVIEW,3362,485.2008361816406,1631245.2112426758,1631.2452112426759
2022-07-01,CGPOWER.NS,BUY,REVIEW,2078,188.13473510742188,390943.97955322266,390.9439795532227
2022-10-03,KPITTECH.NS,SELL,REVIEW,9813,641.754638671875,6297538.269287109,6297.53826928711
2022-10-03,ANGELONE.NS,SELL,REVIEW,32163,126.33833312988281,4063419.808456421,4063.419808456421
2022-10-03,JSWENERGY.NS,SELL,REVIEW,20103,286.5348205566406,5760209.4976501465,5760.209497650147
2022-10-03,BLS.NS,SELL,REVIEW,15871,137.8719024658203,2188164.964035034,2188.1649640350342
2022-10-03,ADANIPOWER.NS,SELL,REVIEW,5799,70.97000122070312,411555.0370788574,411.5550370788574
2022-10-03,ADANIENSOL.NS,BUY,REVIEW,1723,3123.64990234375,5382048.781738281,5382.048781738281
2022-10-03,GMDCLTD.NS,BUY,REVIEW,44094,123.55664825439453,5448106.848129272,5448.106848129272
2022-10-03,ATGL.NS,BUY,REVIEW,1884,3096.552978515625,5833905.8115234375,5833.9058115234375
2022-10-03,CGPOWER.NS,SELL,REVIEW,3991,226.80882263183594,905194.0111236572,905.1940111236572
2022-10-03,PGEL.NS,BUY,REVIEW,29212,100.0582504272461,2922901.611480713,2922.9016114807127
2023-01-02,PGEL.NS,SELL,REVIEW,72309,111.4695053100586,8060248.459465027,8060.248459465027
2023-01-02,CGPOWER.NS,SELL,REVIEW,28205,267.3103942871094,7539489.67086792,7539.48967086792
2023-01-02,ADANIENSOL.NS,SELL,REVIEW,1723,2549.5,4392788.5,4392.7885
2023-01-02,GRSE.NS,BUY,REVIEW,8959,463.014404296875,4148146.048095703,4148.146048095703
2023-01-02,RVNL.NS,BUY,REVIEW,64526,65.77371215820312,4244114.550720215,4244.1145507202145
2023-01-02,MAZDOCK.NS,BUY,REVIEW,11303,382.89459228515625,4327857.576599121,4327.857576599121
2023-01-02,BLS.NS,BUY,REVIEW,4167,169.57875061035156,706634.653793335,706.634653793335
2023-01-02,ATGL.NS,BUY,REVIEW,276,3545.73681640625,978623.361328125,978.623361328125
2023-01-02,ADANIPOWER.NS,BUY,REVIEW,60236,59.630001068115234,3591872.7443389893,3591.8727443389894
2023-01-02,GMDCLTD.NS,BUY,REVIEW,13846,141.220703125,1955341.85546875,1955.34185546875
2023-01-30,ATGL.NS,SELL,STOP_LOSS,2160,2339.191650390625,5052653.96484375,5052.65396484375
2023-02-02,ADANIPOWER.NS,SELL,STOP_LOSS,129959,40.40999984741211,5251643.17016983,5251.64317016983
2023-04-03,GMDCLTD.NS,SELL,REVIEW,57940,120.25325012207031,6967473.312072754,6967.473312072754
2023-04-03,RVNL.NS,SELL,REVIEW,10452,72.29832458496094,755662.0885620117,755.6620885620117
2023-04-03,PGEL.NS,BUY,REVIEW,33052,135.70590209960938,4485351.476196289,4485.351476196289
2023-04-03,BLS.NS,SELL,REVIEW,3249,163.46612548828125,531101.4417114258,531.1014417114258
2023-04-03,BDL.NS,BUY,REVIEW,9844,486.13726806640625,4785535.266845703,4785.5352668457035
2023-04-03,GRSE.NS,BUY,REVIEW,2582,436.68023681640625,1127508.371459961,1127.508371459961
2023-04-03,MAZDOCK.NS,BUY,REVIEW,6762,319.2286071777344,2158623.84173584,2158.62384173584
2023-04-03,KARURVYSYA.NS,BUY,REVIEW,74932,79.59811401367188,5964445.879272461,5964.445879272461
2023-07-03,GRSE.NS,SELL,REVIEW,11541,563.1607666015625,6499438.407348633,6499.438407348633
2023-07-03,BDL.NS,SELL,REVIEW,9844,551.0048828125,5424092.06640625,5424.0920664062505
2023-07-03,RVNL.NS,SELL,REVIEW,21063,119.73323822021484,2521941.1966323853,2521.9411966323855
2023-07-03,NEULANDLAB.NS,BUY,REVIEW,1507,2814.32421875,4241186.59765625,4241.18659765625
2023-07-03,MAZDOCK.NS,SELL,REVIEW,10649,626.2633056640625,6669077.942016602,6669.077942016602
2023-07-03,BLS.NS,BUY,REVIEW,7282,209.00772094726562,1521994.2239379883,1521.9942239379884
2023-07-03,KARURVYSYA.NS,BUY,REVIEW,11541,101.95891571044922,1176707.8462142944,1176.7078462142945
2023-07-03,ANANTRAJ.NS,BUY,REVIEW,50160,185.35232543945312,9297272.644042969,9297.272644042969
2023-07-03,PGEL.NS,BUY,REVIEW,31096,155.49073791503906,4835139.986206055,4835.139986206054
2023-10-03,PGEL.NS,SELL,REVIEW,64148,177.60379028320312,11392927.939086914,11392.927939086914
2023-10-03,KARURVYSYA.NS,SELL,REVIEW,86473,108.80663299560547,9408835.975028992,9408.835975028991
2023-10-03,RVNL.NS,BUY,REVIEW,7548,169.87319946289062,1282202.9095458984,1282.2029095458984
2023-10-03,HBLENGINE.NS,BUY,REVIEW,25549,279.8675842285156,7150336.909454346,7150.336909454346
2023-10-03,MAZDOCK.NS,SELL,REVIEW,689,1066.313232421875,734689.8171386719,734.6898171386719
2023-10-03,JBMA.NS,BUY,REVIEW,12558,659.5767822265625,8282965.231201172,8282.965231201171
2023-10-03,NEULANDLAB.NS,BUY,REVIEW,845,3724.01611328125,3146793.6157226562,3146.7936157226563
2023-10-03,BLS.NS,BUY,REVIEW,2831,246.4886474609375,697809.3609619141,697.8093609619141
2023-10-03,ANANTRAJ.NS,BUY,REVIEW,4226,220.84959411621094,933310.3847351074,933.3103847351074
2024-01-01,BLS.NS,SELL,REVIEW,38488,322.4946594238281,12412174.451904297,12412.174451904297
2024-01-01,MAZDOCK.NS,SELL,REVIEW,6727,1124.637451171875,7565436.134033203,7565.436134033203
2024-01-01,BSE.NS,BUY,REVIEW,11610,726.1151123046875,8430196.453857422,8430.196453857421
2024-01-01,HBLENGINE.NS,SELL,REVIEW,4500,433.7623596191406,1951930.6182861328,1951.9306182861328
2024-01-01,NEULANDLAB.NS,SELL,REVIEW,470,5259.3408203125,2471890.185546875,2471.8901855468753
2024-01-01,SUZLON.NS,BUY,REVIEW,258826,38.5,9964801.0,9964.801
2024-01-01,JBMA.NS,BUY,REVIEW,2826,807.9622802734375,2283301.4040527344,2283.3014040527346
2024-01-01,RVNL.NS,BUY,REVIEW,20501,179.22854614257812,3674364.424468994,3674.364424468994
2024-01-01,ANANTRAJ.NS,SELL,REVIEW,8246,297.07159423828125,2449652.366088867,2449.6523660888674
2024-04-01,ANANTRAJ.NS,SELL,REVIEW,46140,322.66143798828125,14887598.748779297,14887.598748779297
2024-04-01,RVNL.NS,SELL,REVIEW,23707,257.7641296386719,6110814.221343994,6110.814221343994
2024-04-01,JBMA.NS,SELL,REVIEW,2691,917.9541625976562,2470214.651550293,2470.214651550293
2024-04-01,HBLENGINE.NS,BUY,REVIEW,5700,456.55792236328125,2602380.157470703,2602.380157470703
2024-04-01,BSE.NS,BUY,REVIEW,3231,893.1704711914062,2885833.7924194336,2885.833792419434
2024-04-01,NEULANDLAB.NS,BUY,REVIEW,284,6238.3203125,1771682.96875,1771.68296875
2024-04-01,SUZLON.NS,BUY,REVIEW,86033,41.349998474121094,3557464.41872406,3557.46441872406
2024-04-01,GVT&D.NS,BUY,REVIEW,17276,871.1011352539062,15049143.212646484,15049.143212646484
2024-07-01,NEULANDLAB.NS,SELL,REVIEW,2166,7683.74169921875,16642984.520507812,16642.984520507813
2024-07-01,JBMA.NS,SELL,REVIEW,12693,1096.325927734375,13915665.000732422,13915.665000732422
2024-07-01,COCHINSHIP.NS,BUY,REVIEW,5049,2236.90087890625,11294112.537597656,11294.112537597657
2024-07-01,RVNL.NS,BUY,REVIEW,223,408.68048095703125,91135.74725341797,91.13574725341797
2024-07-01,FORCEMOT.NS,BUY,REVIEW,1885,8874.8291015625,16729052.856445312,16729.052856445312
2024-07-01,BSE.NS,BUY,REVIEW,2793,853.088134765625,2382675.1604003906,2382.6751604003907
2024-07-01,GVT&D.NS,SELL,REVIEW,6222,1557.6688232421875,9691815.41821289,9691.815418212891
2024-07-01,HBLENGINE.NS,BUY,REVIEW,9370,498.7644958496094,4673423.32611084,4673.42332611084
2024-07-01,SUZLON.NS,BUY,REVIEW,54288,52.93000030517578,2873463.856567383,2873.4638565673827
2024-10-01,HBLENGINE.NS,SELL,REVIEW,36119,626.7951049804688,22639212.39678955,22639.21239678955
2024-10-01,FORCEMOT.NS,SELL,REVIEW,1885,7607.6044921875,14340334.467773438,14340.334467773439
2024-10-01,IFCI.NS,BUY,REVIEW,228985,65.0999984741211,14906923.150596619,14906.923150596618
2024-10-01,BSE.NS,SELL,REVIEW,5898,1278.8865966796875,7542873.147216797,7542.873147216797
2024-10-01,RVNL.NS,SELL,REVIEW,2485,518.7210693359375,1289021.8572998047,1289.0218572998047
2024-10-01,WOCKPHARMA.NS,BUY,REVIEW,22449,968.7999877929688,21748590.925964355,21748.590925964356
2024-10-01,GVT&D.NS,BUY,REVIEW,2411,1678.71142578125,4047373.2475585938,4047.373247558594
2024-10-01,COCHINSHIP.NS,BUY,REVIEW,4237,1685.61572265625,7141953.816894531,7141.953816894531
2024-10-01,SUZLON.NS,SELL,REVIEW,94376,79.73999786376953,7525542.038391113,7525.542038391113
2024-11-13,SUZLON.NS,SELL,STOP_LOSS,304771,54.029998779296875,16466776.757965088,16466.77675796509
2025-01-01,BSE.NS,SELL,REVIEW,11736,1798.24267578125,21104176.04296875,21104.17604296875
2025-01-01,IFCI.NS,BUY,REVIEW,30291,62.029998779296875,1878950.6930236816,1878.9506930236817
2025-01-01,WOCKPHARMA.NS,SELL,REVIEW,9603,1455.699951171875,13979086.631103516,13979.086631103515
2025-01-01,COCHINSHIP.NS,BUY,REVIEW,3812,1553.5052490234375,5921962.009277344,5921.962009277344
2025-01-01,RVNL.NS,BUY,REVIEW,16377,423.2218017578125,6931103.447387695,6931.103447387695
2025-01-01,GVT&D.NS,SELL,REVIEW,1865,2040.0037841796875,3804607.057495117,3804.6070574951173
2025-01-01,NETWEB.NS,BUY,REVIEW,8229,2884.654296875,23737820.208984375,23737.820208984376
2025-01-01,INOXWIND.NS,BUY,REVIEW,129629,187.35000610351562,24285993.941192627,24285.993941192628
2025-01-22,NETWEB.NS,SELL,STOP_LOSS,8229,1940.2880859375,15966630.659179688,15966.630659179687
2025-02-18,GVT&D.NS,SELL,STOP_LOSS,11600,1410.0201416015625,16356233.642578125,16356.233642578125
2025-02-18,IFCI.NS,SELL,STOP_LOSS,259276,43.130001068115234,11182574.156936646,11182.574156936646
2025-04-01,RVNL.NS,SELL,REVIEW,51468,346.1106262207031,17813621.71032715,17813.62171032715
2025-04-01,INOXWIND.NS,SELL,REVIEW,129629,156.72999572753906,20316752.61616516,20316.752616165162
2025-04-01,GODFRYPHLP.NS,BUY,REVIEW,4889,2309.4560546875,11290930.651367188,11290.930651367187
2025-04-01,BSE.NS,BUY,REVIEW,7389,1811.4991455078125,13385167.186157227,13385.167186157227
2025-04-01,PGEL.NS,BUY,REVIEW,16318,901.2027587890625,14705826.617919922,14705.826617919922
2025-04-01,WOCKPHARMA.NS,SELL,REVIEW,2075,1447.9000244140625,3004392.5506591797,3004.39255065918
2025-04-01,GVT&D.NS,BUY,REVIEW,13718,1474.4920654296875,20227082.153564453,20227.082153564454
2025-04-01,COCHINSHIP.NS,BUY,REVIEW,2141,1385.552001953125,2966466.8361816406,2966.4668361816407
2025-04-01,SARDAEN.NS,BUY,REVIEW,41728,524.71484375,21895301.0,21895.301
2025-07-01,COCHINSHIP.NS,SELL,REVIEW,15239,2032.951171875,30980142.908203125,30980.142908203125
2025-07-01,WOCKPHARMA.NS,SELL,REVIEW,1734,1677.4000244140625,2908611.6423339844,2908.6116423339845
2025-07-01,PGEL.NS,BUY,REVIEW,9525,722.6814575195312,6883540.882873535,6883.540882873535
2025-07-01,BSE.NS,SELL,REVIEW,134,2767.80810546875,370886.2861328125,370.88628613281253
2025-07-01,GVT&D.NS,SELL,REVIEW,4731,2339.71142578125,11069174.755371094,11069.174755371094
2025-07-01,SARDAEN.NS,BUY,REVIEW,7952,434.4386901855469,3454656.4643554688,3454.656464355469
2025-07-01,GODFRYPHLP.NS,BUY,REVIEW,2968,2880.13916015625,8548253.02734375,8548.25302734375
2025-07-01,DEEPAKFERT.NS,BUY,REVIEW,15222,1731.1031494140625,26350852.14038086,26350.85214038086
2025-08-11,PGEL.NS,SELL,STOP_LOSS,25843,505.7770690917969,13070796.796539307,13070.796796539307
2025-10-01,WOCKPHARMA.NS,SELL,REVIEW,9037,1492.800048828125,13490434.041259766,13490.434041259767
2025-10-01,DEEPAKFERT.NS,SELL,REVIEW,15222,1547.0999755859375,23549955.82836914,23549.95582836914
2025-10-01,GODFRYPHLP.NS,SELL,REVIEW,3846,3309.156982421875,12727017.754394531,12727.017754394532
2025-10-01,FORCEMOT.NS,BUY,REVIEW,884,16854.0,14898936.0,14898.936
2025-10-01,SARDAEN.NS,SELL,REVIEW,21344,548.6450805664062,11710280.599609375,11710.280599609376
2025-10-01,BSE.NS,BUY,REVIEW,3407,2075.930908203125,7072696.604248047,7072.696604248047
2025-10-01,GVT&D.NS,SELL,REVIEW,870,3065.41259765625,2666908.9599609375,2666.9089599609374
2025-10-01,PAYTM.NS,BUY,REVIEW,23640,1148.5999755859375,27152903.422851562,27152.903422851563
2025-10-01,LAURUSLABS.NS,BUY,REVIEW,32097,870.4144897460938,27937693.87738037,27937.69387738037
